name,email,topic
Cory Vega,cory.vega@pinnaclefinance.com,Finance
David Smith,david.smith@devcom.com,Technology
David Mendez,david.mendez@screenplay.com,Entertainment
Natalie Green,natalie.green@fitlife.com,Sports
Stephen Martinez,stephen.martinez@athletico.com,Sports
Christopher Morales,christopher.morales@safeinvest.com,Finance
Monique Mack,monique.mack@wellbeinghealth.com,Health
Brittany Gallagher,brittany.gallagher@governmentmatters.com,Politics
Margaret Tran,margaret.tran@financialadvantage.com,Finance
Henry Bell,henry.bell@eventmasters.com,Entertainment
Ashley Yates,ashley.yates@eduworld.com,Education
Laura Washington,laura.washington@nanotechlabs.com,Science
Thomas Payne,thomas.payne@performancelab.com,Sports
Michael Bridges,michael.bridges@cybersolutions.com,Technology
Catherine Wilson,catherine.wilson@bioworks.com,Science
Adam Gordon,adam.gordon@healthcorp.com,Health
Alan Wheeler,alan.wheeler@infosys.com,Technology
Lisa Thomas,lisa.thomas@fiscalsense.com,Finance
Mary Lee,mary.lee@cinestar.com,Entertainment
Heather Gardner,heather.gardner@playhard.com,Sports
Donald Stuart,donald.stuart@publicpolicyco.com,Politics
Megan Cummings,megan.cummings@nextgenedu.com,Education
Bryan Fuller,bryan.fuller@sciencelabs.com,Science
Thomas Davis,thomas.davis@discoverylabs.com,Science
Kevin Andersen,kevin.andersen@quantumsolutions.com,Science
Ashley Hall,ashley.hall@policythinkers.com,Politics
Cynthia Aguilar,cynthia.aguilar@govaction.com,Politics
Stephen Mcgrath,stephen.mcgrath@wealthmax.com,Finance
Jacqueline Oliver,jacqueline.oliver@inspirelearn.com,Education
Erika Herrera,erika.herrera@eduadvance.com,Education
Jason Webb,jason.webb@innovativeresearch.com,Science
Paul Simmons,paul.simmons@networks.com,Technology
Mr. John Stanley MD,mr..md@bioinnovations.com,Science
Sean Brewer,sean.brewer@nationpulse.com,Politics
Gregory Bryant,gregory.bryant@powerpolitics.com,Politics
Whitney King,whitney.king@athletico.com,Sports
Ryan Barton,ryan.barton@fintech.com,Finance
Daniel Schroeder,daniel.schroeder@healthessentials.com,Health
Kaitlyn Wilson,kaitlyn.wilson@nationbuilders.com,Politics
Robert Murray MD,robert.md@eventpro.com,Entertainment
Kelly Bishop,kelly.bishop@performancelab.com,Sports
Kevin Elliott,kevin.elliott@govwatch.com,Politics
Amy Schwartz,amy.schwartz@athletico.com,Sports
Katie Beasley,katie.beasley@purehealth.com,Health
Morgan Foster,morgan.foster@athletezone.com,Sports
Mallory Meyer,mallory.meyer@nutrify.com,Health
Derrick Fitzgerald,derrick.fitzgerald@playhard.com,Sports
Mr. Gary Nicholson DDS,mr..dds@sportfusion.com,Sports
Carol Davis,carol.davis@researchfirst.com,Science
Jennifer Gonzalez,jennifer.gonzalez@innovatex.com,Technology
Anthony Griffin,anthony.griffin@proathlete.com,Sports
Stacy Walters,stacy.walters@medix.com,Health
Wendy Morris,wendy.morris@sportsnet.com,Sports
Erin Palmer,erin.palmer@infosys.com,Technology
Jason Payne,jason.payne@datadyn.com,Technology
Jose Wood,jose.wood@healthquest.com,Health
Janet Stanley,janet.stanley@bitwise.com,Technology
Ann Davis,ann.davis@thinktank.com,Education
Ashley Clark,ashley.clark@wellbeinghealth.com,Health
Tammy Carroll,tammy.carroll@bigscreen.com,Entertainment
David Padilla,david.padilla@fitpro.com,Sports
Vincent Anderson,vincent.anderson@datascienceco.com,Science
Hailey Adams,hailey.adams@codeworks.com,Technology
Felicia Peterson,felicia.peterson@nextgenresearch.com,Science
Sean Marsh,sean.marsh@policythinkers.com,Politics
Timothy Gonzalez,timothy.gonzalez@activeworld.com,Sports
Javier Holmes,javier.holmes@nanotechlabs.com,Science
Sarah Miller,sarah.miller@musicwave.com,Entertainment
Derrick Young,derrick.young@alphafinance.com,Finance
Katelyn Wilson,katelyn.wilson@spotlightproductions.com,Entertainment
Kerri Schwartz,kerri.schwartz@mediworld.com,Health
Ruth Rodriguez,ruth.rodriguez@cinestar.com,Entertainment
Daniel Spencer,daniel.spencer@cybersolutions.com,Technology
Robert Cole,robert.cole@devcom.com,Technology
Jessica Cole,jessica.cole@sportsnet.com,Sports
Mrs. Lisa Graham,mrs..graham@civichub.com,Politics
Sarah Johnson,sarah.johnson@wellnessplus.com,Health
Karen Martin,karen.martin@codeworks.com,Technology
Cynthia Weber,cynthia.weber@partymasters.com,Entertainment
Stacey King,stacey.king@learnify.com,Education
Michael Douglas,michael.douglas@valueinvest.com,Finance
Martin Walters,martin.walters@futuretech.com,Technology
Patricia Johnson,patricia.johnson@trustfund.com,Finance
Tammy Frederick,tammy.frederick@medisolutions.com,Health
Jacob Pena,jacob.pena@athletehub.com,Sports
Tina Haney,tina.haney@vibeworks.com,Entertainment
Sean Wolfe,sean.wolfe@networks.com,Technology
Carla Lambert,carla.lambert@datascienceco.com,Science
Christopher Jones,christopher.jones@screenplay.com,Entertainment
Eileen Alvarado,eileen.alvarado@athletezone.com,Sports
Diane Reyes,diane.reyes@datascienceco.com,Science
Kelli Lucas,kelli.lucas@playhard.com,Sports
Richard Morgan,richard.morgan@learnify.com,Education
Benjamin Armstrong,benjamin.armstrong@futurelab.com,Science
Cheryl Matthews,cheryl.matthews@datadyn.com,Technology
Leslie Scott,leslie.scott@nanotechlabs.com,Science
Carrie Baker,carrie.baker@trustfund.com,Finance
Emily Mcbride,emily.mcbride@gameon.com,Sports
Travis Dixon,travis.dixon@healthquest.com,Health
Michael Meyer,michael.meyer@cybernetic.com,Technology
Jerry Riley,jerry.riley@trustfund.com,Finance
Nicole Castillo,nicole.castillo@civicleaders.com,Politics
Alicia Stephenson,alicia.stephenson@smarttech.com,Technology
Darryl Mitchell,darryl.mitchell@assetgrow.com,Finance
Douglas Weaver,douglas.weaver@funtimepro.com,Entertainment
Javier Neal,javier.neal@performancelab.com,Sports
Kyle Richardson,kyle.richardson@moneymatters.com,Finance
Paul Lowe,paul.lowe@endurancex.com,Sports
Michael Dunn,michael.dunn@smartwealth.com,Finance
Stacy Rich,stacy.rich@datascienceco.com,Science
Brenda Jimenez,brenda.jimenez@nationbuilders.com,Politics
Audrey Logan,audrey.logan@teachfirst.com,Education
Jesse Lambert,jesse.lambert@robosoft.com,Technology
Steven Love,steven.love@edgelogic.com,Technology
Ryan Welch,ryan.welch@vibeworks.com,Entertainment
Bryan Carr,bryan.carr@wellbeinghealth.com,Health
Lee Blake,lee.blake@thinktank.com,Education
Eric Sullivan,eric.sullivan@sportsnet.com,Sports
Julia Young,julia.young@medix.com,Health
Victoria Garcia,victoria.garcia@codeworks.com,Technology
Janice Moreno,janice.moreno@teachfirst.com,Education
Patricia Hamilton,patricia.hamilton@smartlearn.com,Education
Rhonda Sherman,rhonda.sherman@nationconnect.com,Politics
Diane Martin,diane.martin@bitwise.com,Technology
Patrick Newton,patrick.newton@openacademy.com,Education
Lauren Wilson,lauren.wilson@lifecare.com,Health
Stephen Harris,stephen.harris@codeworks.com,Technology
Jacob Davis,jacob.davis@knowledgeflow.com,Education
Sarah Quinn,sarah.quinn@activefit.com,Sports
Jacob Walker,jacob.walker@scholarhub.com,Education
Kathryn Hernandez,kathryn.hernandez@nationconnect.com,Politics
Christopher Rogers,christopher.rogers@carefirst.com,Health
Katie Goodwin,katie.goodwin@nutrify.com,Health
Michael Case,michael.case@knowledgeflow.com,Education
Debra Haley,debra.haley@alphafinance.com,Finance
Jordan Williams,jordan.williams@nextgentech.com,Technology
Stacey Wiley,stacey.wiley@policythinkers.com,Politics
Justin Snyder,justin.snyder@academiax.com,Education
Alexandra Winters,alexandra.winters@nextgentech.com,Technology
David Anthony,david.anthony@valueinvest.com,Finance
Mindy Bennett,mindy.bennett@quantumsolutions.com,Science
Jessica Duffy,jessica.duffy@techdrive.com,Technology
Patricia Castaneda,patricia.castaneda@eliteathletics.com,Sports
Daniel Ayers,daniel.ayers@nationbuilders.com,Politics
Claudia Williams,claudia.williams@scholarhub.com,Education
Amanda Wilson,amanda.wilson@wellnessplus.com,Health
Miss Jennifer Herrera,miss.herrera@sportify.com,Sports
Aaron Ingram,aaron.ingram@cybersolutions.com,Technology
Joshua Williams,joshua.williams@politicalhub.com,Politics
Danielle Miller,danielle.miller@techdrive.com,Technology
Christopher Cook,christopher.cook@sportfusion.com,Sports
Nathan Carpenter,nathan.carpenter@carefirst.com,Health
Eric Krause,eric.krause@thinktank.com,Education
Brian Miller,brian.miller@biohealth.com,Health
Jacob Obrien,jacob.obrien@purehealth.com,Health
Clinton Gomez,clinton.gomez@biogen.com,Science
Jason Williams,jason.williams@sportfusion.com,Sports
Robert Turner MD,robert.md@trustfund.com,Finance
Lisa Bailey,lisa.bailey@policyfirst.com,Politics
Andrea Snow,andrea.snow@devcom.com,Technology
Mariah Barber,mariah.barber@entertainix.com,Entertainment
Jacob Horn,jacob.horn@playtimestudios.com,Entertainment
Robert Casey,robert.casey@assetgrow.com,Finance
Anthony Lee,anthony.lee@eliteathletics.com,Sports
Sara Robinson,sara.robinson@bigscreen.com,Entertainment
Timothy Davies,timothy.davies@codeworks.com,Technology
Claudia Edwards,claudia.edwards@quantumsolutions.com,Science
Lance Murphy,lance.murphy@innovativeresearch.com,Science
Marie Edwards,marie.edwards@smartlearn.com,Education
Todd Wright,todd.wright@publicpolicyco.com,Politics
Christina Atkins,christina.atkins@funtimepro.com,Entertainment
Leah Carlson,leah.carlson@entertainix.com,Entertainment
James Clark,james.clark@proathlete.com,Sports
Michael Blanchard,michael.blanchard@cybernetic.com,Technology
Joshua Williams,joshua.williams@networks.com,Technology
Larry Bishop DDS,larry.dds@vibeworks.com,Entertainment
Kathleen King,kathleen.king@stagelights.com,Entertainment
Juan Curtis,juan.curtis@investcorp.com,Finance
Rachel Smith,rachel.smith@policythinkers.com,Politics
Allison Mcknight,allison.mcknight@nationtalk.com,Politics
Christopher Hernandez,christopher.hernandez@learnify.com,Education
Jennifer Johnson,jennifer.johnson@medilife.com,Health
Mitchell Vasquez,mitchell.vasquez@rhythmpro.com,Entertainment
Anna Pearson,anna.pearson@labsolutions.com,Science
Monica Maddox,monica.maddox@wealthmax.com,Finance
William Williams,william.williams@govaction.com,Politics
Fred Dunn,fred.dunn@athletezone.com,Sports
Marie Montgomery,marie.montgomery@powerplay.com,Sports
Jonathan Knox,jonathan.knox@cashflow.com,Finance
Hannah Sanders,hannah.sanders@endurancex.com,Sports
Joseph Ball,joseph.ball@nanotechlabs.com,Science
Eric Cardenas,eric.cardenas@partymasters.com,Entertainment
Molly Johnson,molly.johnson@networks.com,Technology
Deanna Williams,deanna.williams@cybernetic.com,Technology
Michaela Williams,michaela.williams@vitalcare.com,Health
Lucas Smith,lucas.smith@polisphere.com,Politics
Lonnie Keller,lonnie.keller@nextgenedu.com,Education
Diana Brown,diana.brown@innovatex.com,Technology
Mason Tran,mason.tran@academiax.com,Education
Michael Lopez,michael.lopez@medix.com,Health
Andrew Anderson,andrew.anderson@pinnaclefinance.com,Finance
Linda Arroyo,linda.arroyo@screenplay.com,Entertainment
Kayla Obrien,kayla.obrien@techdrive.com,Technology
Victoria Brooks,victoria.brooks@thinktank.com,Education
Julia Henry,julia.henry@nationconnect.com,Politics
Antonio Leblanc,antonio.leblanc@rhythmpro.com,Entertainment
Darren Pearson,darren.pearson@funtimepro.com,Entertainment
Ashley Stevens,ashley.stevens@policyadvocates.com,Politics
Tracy Choi,tracy.choi@cashflow.com,Finance
Theresa Potter,theresa.potter@labsolutions.com,Science
Lisa Barnett,lisa.barnett@optiwell.com,Health
Matthew Wong,matthew.wong@researchfirst.com,Science
Robert Williams,robert.williams@infosys.com,Technology
Gregory White,gregory.white@academiax.com,Education
Rachael Williams,rachael.williams@biofusion.com,Science
Deanna Yang,deanna.yang@innovatex.com,Technology
Gabriel Turner,gabriel.turner@cloudshift.com,Technology
Carol Lewis,carol.lewis@civicleaders.com,Politics
Justin Scott,justin.scott@activefit.com,Sports
Isabel Mercado,isabel.mercado@devcom.com,Technology
Timothy Murphy,timothy.murphy@nationbuilders.com,Politics
Katelyn Cook,katelyn.cook@activefit.com,Sports
Robert Smith,robert.smith@gameon.com,Sports
Gabrielle Hines,gabrielle.hines@futurefunds.com,Finance
Darren Welch,darren.welch@econsolutions.com,Finance
Christina Smith,christina.smith@lifecare.com,Health
David Chapman,david.chapman@healthessentials.com,Health
Jeanette Smith,jeanette.smith@festivalworld.com,Entertainment
Mary Roman,mary.roman@biohealth.com,Health
Andrew Lee,andrew.lee@spotlightproductions.com,Entertainment
Alejandro Andrews,alejandro.andrews@politicalhub.com,Politics
William Myers,william.myers@eliteathletics.com,Sports
Timothy Rodriguez,timothy.rodriguez@govwatch.com,Politics
Sara Hernandez,sara.hernandez@playtimestudios.com,Entertainment
Diana Dominguez,diana.dominguez@fitpro.com,Sports
Cynthia Price MD,cynthia.md@pinnaclefinance.com,Finance
Jennifer Ponce,jennifer.ponce@mediworld.com,Health
Sara Archer,sara.archer@fitlife.com,Sports
Annette Hall,annette.hall@powerpolitics.com,Politics
Jeffrey Roberts,jeffrey.roberts@civicleaders.com,Politics
Samuel Choi,samuel.choi@activefit.com,Sports
Debra Vaughan,debra.vaughan@showbizco.com,Entertainment
Jessica Hunt,jessica.hunt@openacademy.com,Education
Thomas Reyes,thomas.reyes@vitalcare.com,Health
James Guzman,james.guzman@sportfusion.com,Sports
Monique Allen,monique.allen@festivalworld.com,Entertainment
Tanya Brewer,tanya.brewer@wellnessplus.com,Health
Stacy Gilbert PhD,stacy.phd@politicalhub.com,Politics
Kevin Jordan,kevin.jordan@financialadvantage.com,Finance
Steven Day,steven.day@civicsolutions.com,Politics
Sharon Baker,sharon.baker@nextgenedu.com,Education
Melissa Miller,melissa.miller@datadyn.com,Technology
Michelle Ibarra,michelle.ibarra@civicsolutions.com,Politics
Robert Hill,robert.hill@carefirst.com,Health
Antonio Thompson,antonio.thompson@brainbridge.com,Education
Rachel Steele,rachel.steele@eduquest.com,Education
Troy Owens II,troy.ii@academiax.com,Education
Rebecca Ayala,rebecca.ayala@nanotechlabs.com,Science
Howard Marsh,howard.marsh@teachfirst.com,Education
Michael Black,michael.black@civicinsight.com,Politics
Kathryn Nguyen,kathryn.nguyen@thinktank.com,Education
Shannon Avery,shannon.avery@festivalworld.com,Entertainment
Elizabeth Taylor,elizabeth.taylor@starmedia.com,Entertainment
Wendy Duran,wendy.duran@vitalcare.com,Health
Laura Williams,laura.williams@investcorp.com,Finance
James Rodriguez,james.rodriguez@playhard.com,Sports
Justin Kennedy,justin.kennedy@devcom.com,Technology
Jeffery Garrett,jeffery.garrett@funtimepro.com,Entertainment
Melissa Martin,melissa.martin@sciencecore.com,Science
Courtney Thornton,courtney.thornton@movenow.com,Sports
Mrs. Kathleen Wong,mrs..wong@codeworks.com,Technology
Marcus Reed,marcus.reed@festivalworld.com,Entertainment
Tammy Fisher,tammy.fisher@medix.com,Health
Marcus Campbell,marcus.campbell@moneymanager.com,Finance
Kevin Munoz,kevin.munoz@cybernetic.com,Technology
Mark Bonilla,mark.bonilla@quantumsolutions.com,Science
Laura Berry,laura.berry@policyfirst.com,Politics
Anna Wilson,anna.wilson@networks.com,Technology
Katherine Jones,katherine.jones@nationpulse.com,Politics
Caitlin Holmes,caitlin.holmes@lifecare.com,Health
Sarah Adams,sarah.adams@eventpro.com,Entertainment
Candice Ramirez,candice.ramirez@securefinance.com,Finance
Amber Parker,amber.parker@carefirst.com,Health
Steven Curtis,steven.curtis@eliteathletics.com,Sports
Thomas Thompson,thomas.thompson@knowledgeflow.com,Education
Mark Garcia,mark.garcia@quantumsolutions.com,Science
Linda Preston,linda.preston@gameon.com,Sports
Laura Decker,laura.decker@civicleaders.com,Politics
Pamela Berry,pamela.berry@polisphere.com,Politics
Misty Schultz,misty.schultz@sportfusion.com,Sports
Alexander Smith,alexander.smith@datascienceco.com,Science
Joshua Riddle,joshua.riddle@inspirelearn.com,Education
Jeremy Wall,jeremy.wall@knowledgeflow.com,Education
Elizabeth White,elizabeth.white@openacademy.com,Education
Danny Miller,danny.miller@robosoft.com,Technology
Michael Mcdonald,michael.mcdonald@techco.com,Technology
Justin Nelson,justin.nelson@civicinsight.com,Politics
David Lewis,david.lewis@entertainix.com,Entertainment
Haley Wright,haley.wright@cybersolutions.com,Technology
Jacqueline Johnson,jacqueline.johnson@bigscreen.com,Entertainment
Timothy Cooper,timothy.cooper@nanotechlabs.com,Science
Kevin Hunter,kevin.hunter@nextgenresearch.com,Science
Ariel Edwards,ariel.edwards@bioinnovations.com,Science
Rodney Moore,rodney.moore@learnify.com,Education
Zachary Jordan,zachary.jordan@funhouse.com,Entertainment
Allison Bond,allison.bond@moneymatters.com,Finance
Tammy Huber,tammy.huber@datadyn.com,Technology
Matthew Smith,matthew.smith@nextgenresearch.com,Science
Robert Perez,robert.perez@politicalhub.com,Politics
Crystal Keith,crystal.keith@proathlete.com,Sports
Christine Peters,christine.peters@knowledgeflow.com,Education
Kenneth Leach,kenneth.leach@governmentmatters.com,Politics
Erik Hammond,erik.hammond@quantumsolutions.com,Science
Roberta Cook,roberta.cook@screenplay.com,Entertainment
Jason Vance,jason.vance@academiax.com,Education
Patrick Reed,patrick.reed@quantumtech.com,Technology
Kristin Ramos,kristin.ramos@capitalguard.com,Finance
Candace Spears,candace.spears@mindexpand.com,Education
Elizabeth Wilson,elizabeth.wilson@wellmed.com,Health
Michelle Hall,michelle.hall@vitalcare.com,Health
Elizabeth Hodge,elizabeth.hodge@festivalworld.com,Entertainment
Michael Velazquez,michael.velazquez@governmentmatters.com,Politics
Daniel Cross,daniel.cross@assetgrow.com,Finance
Jacqueline Mcbride,jacqueline.mcbride@nextgenresearch.com,Science
Michael King,michael.king@mediworld.com,Health
Jacqueline Fernandez,jacqueline.fernandez@mindexpand.com,Education
Richard Kirby,richard.kirby@devcom.com,Technology
Richard Smith,richard.smith@mediworld.com,Health
Breanna Brown,breanna.brown@sciencecore.com,Science
Maria Sanford,maria.sanford@edgelogic.com,Technology
Richard Smith,richard.smith@vibeworks.com,Entertainment
Brandy Esparza,brandy.esparza@innovativeresearch.com,Science
Paul Hall,paul.hall@nationconnect.com,Politics
Daniel Long,daniel.long@labmasters.com,Science
Brian Pena,brian.pena@nextgentech.com,Technology
Valerie Howell,valerie.howell@studypro.com,Education
Michael Wilkinson,michael.wilkinson@cybernetic.com,Technology
Christian Cardenas,christian.cardenas@academiax.com,Education
Justin Davis,justin.davis@prosports.com,Sports
Joshua Carpenter,joshua.carpenter@cashflow.com,Finance
Connor Fisher,connor.fisher@nextgentech.com,Technology
Stacey Ford,stacey.ford@knowledgeflow.com,Education
Kevin Pittman,kevin.pittman@nationpulse.com,Politics
Jason Johnson,jason.johnson@wellnessplus.com,Health
Kayla Solomon,kayla.solomon@aiventures.com,Technology
Mark Webb DVM,mark.dvm@fiscalsense.com,Finance
Jeffrey Rodriguez,jeffrey.rodriguez@civicinsight.com,Politics
Robert Powell,robert.powell@gameon.com,Sports
Ryan Campbell,ryan.campbell@healthessentials.com,Health
Edward Taylor,edward.taylor@nationbuilders.com,Politics
Frederick Mosley,frederick.mosley@nationbuilders.com,Politics
Erika Hamilton,erika.hamilton@policythinkers.com,Politics
Reginald Rodriguez,reginald.rodriguez@nationbuilders.com,Politics
James Lang,james.lang@wellbeinghealth.com,Health
Sarah Cline,sarah.cline@sportmax.com,Sports
Carla Lam,carla.lam@openacademy.com,Education
Amanda Hunt,amanda.hunt@trustfund.com,Finance
Danielle Davis,danielle.davis@knowledgeflow.com,Education
Casey Thomas,casey.thomas@sportmax.com,Sports
Tammy Arellano,tammy.arellano@capitalguard.com,Finance
Steven Savage,steven.savage@endurancex.com,Sports
Aaron Gross,aaron.gross@entertainix.com,Entertainment
Brendan Wright,brendan.wright@moneymanager.com,Finance
Courtney Anderson,courtney.anderson@teachfirst.com,Education
Haley Hays,haley.hays@healthquest.com,Health
Lisa Thomas,lisa.thomas@showbizco.com,Entertainment
Victor Myers,victor.myers@innovativeresearch.com,Science
Carla Logan,carla.logan@smartlearn.com,Education
Phillip White,phillip.white@futurefunds.com,Finance
Jacqueline Smith,jacqueline.smith@politicalhub.com,Politics
Richard Parker,richard.parker@vitalcare.com,Health
Edward Buchanan,edward.buchanan@nutrify.com,Health
Karen Owens,karen.owens@athletehub.com,Sports
Laura White,laura.white@educenter.com,Education
Todd Phillips,todd.phillips@nationbuilders.com,Politics
Jane Edwards,jane.edwards@smartlearn.com,Education
Kyle Jacobs,kyle.jacobs@carefirst.com,Health
Melissa Mathis,melissa.mathis@cashflow.com,Finance
Robert Meyer,robert.meyer@sportfusion.com,Sports
Taylor Moses,taylor.moses@biogen.com,Science
Rebecca Casey,rebecca.casey@scienceventure.com,Science
Mr. Charles Flores MD,mr..md@nanotechlabs.com,Science
Lauren Johnson,lauren.johnson@playtimestudios.com,Entertainment
Kendra Perkins,kendra.perkins@athletico.com,Sports
Cynthia Webb,cynthia.webb@smartwealth.com,Finance
Christopher Ford DDS,christopher.dds@rhythmpro.com,Entertainment
Jason Marshall,jason.marshall@researchfirst.com,Science
Willie Ruiz,willie.ruiz@regenmed.com,Health
Cynthia Cain,cynthia.cain@mediworld.com,Health
Sarah Jackson DDS,sarah.dds@devcom.com,Technology
Angela Browning,angela.browning@prosports.com,Sports
Ethan Mayer,ethan.mayer@healthquest.com,Health
Chad Woods,chad.woods@funtimepro.com,Entertainment
Whitney Lee,whitney.lee@nationconnect.com,Politics
David Sandoval,david.sandoval@partymasters.com,Entertainment
Michael Smith,michael.smith@livearts.com,Entertainment
Angela Cole,angela.cole@bioinnovations.com,Science
Samantha Ochoa,samantha.ochoa@lifecare.com,Health
Gregory Davis,gregory.davis@proathlete.com,Sports
Roger Thomas,roger.thomas@athletezone.com,Sports
Robert Wilkins,robert.wilkins@knowledgeflow.com,Education
Seth Sosa,seth.sosa@nationpulse.com,Politics
Melissa Edwards,melissa.edwards@globalgovernance.com,Politics
Ashley Alvarado,ashley.alvarado@futurelab.com,Science
Kaitlin Burns,kaitlin.burns@quantumresearch.com,Science
Mark Salinas,mark.salinas@healthcorp.com,Health
Robin Lucas,robin.lucas@openacademy.com,Education
Eduardo Crawford,eduardo.crawford@techdrive.com,Technology
Jeffrey Nguyen,jeffrey.nguyen@techdrive.com,Technology
Rebecca Johnson,rebecca.johnson@knowledgebase.com,Education
Brandon Young,brandon.young@wellmed.com,Health
Jessica Price,jessica.price@bioworks.com,Science
Miguel Austin,miguel.austin@infosys.com,Technology
Billy Sanchez,billy.sanchez@investcorp.com,Finance
Robert Brown,robert.brown@academiax.com,Education
Melvin Jones,melvin.jones@biominds.com,Science
Todd Sharp,todd.sharp@alphafinance.com,Finance
Samantha Rivera,samantha.rivera@nextgenresearch.com,Science
Michelle Erickson,michelle.erickson@activefit.com,Sports
Meredith Lynch,meredith.lynch@rhythmpro.com,Entertainment
Jacqueline Schmidt,jacqueline.schmidt@fitlife.com,Sports
Nancy Dixon,nancy.dixon@funhouse.com,Entertainment
Albert Hendrix,albert.hendrix@bioworks.com,Science
Travis Thomas,travis.thomas@nanotechlabs.com,Science
Timothy Hubbard,timothy.hubbard@eventpro.com,Entertainment
Kayla Nguyen,kayla.nguyen@medix.com,Health
Martin Whitaker,martin.whitaker@financialadvantage.com,Finance
Alicia Kirby,alicia.kirby@policyfirst.com,Politics
Courtney Moore,courtney.moore@moneymatters.com,Finance
Tracy Thomas,tracy.thomas@eduadvance.com,Education
Kelli Griffith,kelli.griffith@eventpro.com,Entertainment
Scott Cardenas,scott.cardenas@musicwave.com,Entertainment
Joshua Little,joshua.little@datascienceco.com,Science
Theresa Valdez,theresa.valdez@proathlete.com,Sports
Joseph Carter,joseph.carter@vitalcare.com,Health
Robin Skinner,robin.skinner@aiventures.com,Technology
Jeremy Jones,jeremy.jones@purehealth.com,Health
Paul Murphy,paul.murphy@wellbeinghealth.com,Health
Philip Baker,philip.baker@nextgenresearch.com,Science
Crystal Krause,crystal.krause@sciencelabs.com,Science
Joshua Stephens,joshua.stephens@econsolutions.com,Finance
Tracy Gray,tracy.gray@purehealth.com,Health
Paula Cook,paula.cook@learnify.com,Education
Dustin Serrano,dustin.serrano@devcom.com,Technology
Matthew Ho,matthew.ho@playhard.com,Sports
Karen Chapman DDS,karen.dds@futuretech.com,Technology
Brenda Garcia,brenda.garcia@biofusion.com,Science
Amber Ryan,amber.ryan@wealthwise.com,Finance
Allison Robinson,allison.robinson@lifecare.com,Health
Nicole Moreno,nicole.moreno@innovatex.com,Technology
Jennifer Galvan,jennifer.galvan@playtimestudios.com,Entertainment
Karen Rodriguez,karen.rodriguez@brightfuture.com,Education
Jared Carpenter,jared.carpenter@proathlete.com,Sports
Kenneth Barry,kenneth.barry@polisphere.com,Politics
Candace Bishop,candace.bishop@nationpulse.com,Politics
Michael Russell,michael.russell@wellnessplus.com,Health
Joshua Vasquez Jr.,joshua.jr.@spotlightproductions.com,Entertainment
Christopher Lewis,christopher.lewis@studypro.com,Education
Brian Campbell,brian.campbell@nanotechlabs.com,Science
Amanda Bennett,amanda.bennett@funhouse.com,Entertainment
Aaron Jones,aaron.jones@techdrive.com,Technology
Timothy Merritt,timothy.merritt@govaction.com,Politics
Eric Brown,eric.brown@pinnaclefinance.com,Finance
Antonio Patterson,antonio.patterson@stagelights.com,Entertainment
Caleb Reed,caleb.reed@purehealth.com,Health
Leslie Gomez,leslie.gomez@educenter.com,Education
Audrey Martin,audrey.martin@stagelights.com,Entertainment
Mr. Eric Edwards,mr..edwards@purehealth.com,Health
Jamie Taylor,jamie.taylor@cinestar.com,Entertainment
Adam Mcknight,adam.mcknight@codeworks.com,Technology
Christopher Johnson,christopher.johnson@futurelab.com,Science
Randy Cowan,randy.cowan@governmentmatters.com,Politics
Brandy Cisneros,brandy.cisneros@nanotechlabs.com,Science
Michelle Harrison,michelle.harrison@codeworks.com,Technology
Leslie Patterson,leslie.patterson@proathlete.com,Sports
Nicholas Castro,nicholas.castro@nextgentech.com,Technology
Jamie Garcia DVM,jamie.dvm@scholarhub.com,Education
Brandon Wright,brandon.wright@nanotechlabs.com,Science
Eric Williams,eric.williams@lifecare.com,Health
Jeanne Hudson,jeanne.hudson@devcom.com,Technology
Joshua Caldwell,joshua.caldwell@fitlife.com,Sports
Teresa King,teresa.king@byteforce.com,Technology
Terry Costa,terry.costa@eduadvance.com,Education
Rachel Velasquez,rachel.velasquez@globalgovernance.com,Politics
Michael Hart,michael.hart@screenplay.com,Entertainment
Theresa Petersen,theresa.petersen@financialadvantage.com,Finance
Michael Lee,michael.lee@knowledgebase.com,Education
Jennifer Garcia,jennifer.garcia@securefinance.com,Finance
Billy Robinson,billy.robinson@publicpolicyco.com,Politics
Selena Cooper,selena.cooper@spotlightproductions.com,Entertainment
Stephen Jones,stephen.jones@wellmed.com,Health
Kevin Brooks,kevin.brooks@wellmed.com,Health
Evan Becker,evan.becker@healthessentials.com,Health
Crystal Chandler,crystal.chandler@medisolutions.com,Health
Derek Jimenez,derek.jimenez@nationpulse.com,Politics
Jonathan Gomez,jonathan.gomez@investcorp.com,Finance
Jennifer Smith,jennifer.smith@brightfuture.com,Education
Gordon Hood,gordon.hood@sportmax.com,Sports
Anthony Williams,anthony.williams@activeworld.com,Sports
Ms. Michelle Williams,ms..williams@starmedia.com,Entertainment
Stacie Mercer,stacie.mercer@governmentmatters.com,Politics
Gavin Wilson,gavin.wilson@sciencelabs.com,Science
Matthew Combs,matthew.combs@stagelights.com,Entertainment
Ronald Wheeler,ronald.wheeler@mediworld.com,Health
Amanda Mendoza,amanda.mendoza@activeworld.com,Sports
Christopher Ramirez,christopher.ramirez@spotlightproductions.com,Entertainment
Dennis Fuentes,dennis.fuentes@knowledgeflow.com,Education
Nicholas Dorsey,nicholas.dorsey@brainbridge.com,Education
Angela Salazar,angela.salazar@wellnessplus.com,Health
Melissa Miller,melissa.miller@infosys.com,Technology
Robert Morales,robert.morales@showbizco.com,Entertainment
William Lam,william.lam@bigscreen.com,Entertainment
Jerry Lewis,jerry.lewis@carefirst.com,Health
Heather Cameron,heather.cameron@funhouse.com,Entertainment
Maureen Smith,maureen.smith@thinktank.com,Education
Kyle Bradley,kyle.bradley@fiscalsense.com,Finance
Dennis Long,dennis.long@futurelab.com,Science
Timothy Gutierrez,timothy.gutierrez@powerplay.com,Sports
Maureen Hendricks,maureen.hendricks@healthcorp.com,Health
Don Meyers,don.meyers@proathlete.com,Sports
Crystal Blake,crystal.blake@openacademy.com,Education
Jonathan Ramsey,jonathan.ramsey@healthcorp.com,Health
Penny Reed,penny.reed@learnify.com,Education
Kristen Patterson,kristen.patterson@nutrify.com,Health
Benjamin Lowe,benjamin.lowe@knowledgebase.com,Education
Kenneth Hodges,kenneth.hodges@financialadvantage.com,Finance
Juan Wilson,juan.wilson@studypro.com,Education
Ashley Jordan,ashley.jordan@livearts.com,Entertainment
Melissa Greene,melissa.greene@cybernetic.com,Technology
Phillip Morrow,phillip.morrow@nationbuilders.com,Politics
Melissa Anderson,melissa.anderson@futurescience.com,Science
Samuel Harper,samuel.harper@pinnaclefinance.com,Finance
Ashley Davidson,ashley.davidson@securefinance.com,Finance
Alfred Allen,alfred.allen@sportsnet.com,Sports
Sean Buchanan,sean.buchanan@smarttech.com,Technology
Joshua Lopez,joshua.lopez@futurelab.com,Science
Ashley Boyd,ashley.boyd@filmworld.com,Entertainment
Cody Wheeler,cody.wheeler@nationtalk.com,Politics
Terry Perez,terry.perez@wellnessplus.com,Health
Rachel Gonzales,rachel.gonzales@biominds.com,Science
William Hurley,william.hurley@financialadvantage.com,Finance
Julie Brown,julie.brown@governmentmatters.com,Politics
Kenneth Burton,kenneth.burton@eduadvance.com,Education
Justin Brown,justin.brown@futurelab.com,Science
Michael Thompson,michael.thompson@assetgrow.com,Finance
Stephen Smith,stephen.smith@byteforce.com,Technology
Derek Gonzalez,derek.gonzalez@vitalcare.com,Health
Edwin Thompson,edwin.thompson@polidiscuss.com,Politics
Peter Hunt,peter.hunt@nationpulse.com,Politics
Steven Smith,steven.smith@quantumsolutions.com,Science
John Taylor,john.taylor@smartwealth.com,Finance
Steven Lyons,steven.lyons@financialadvantage.com,Finance
Laurie Nelson,laurie.nelson@assetgrow.com,Finance
Claire Hernandez,claire.hernandez@nextgentech.com,Technology
David Brown,david.brown@spotlightproductions.com,Entertainment
Joshua Reynolds,joshua.reynolds@alphafinance.com,Finance
Julie Sellers,julie.sellers@politicalhub.com,Politics
Misty Walker,misty.walker@civicinsight.com,Politics
Christian Lopez,christian.lopez@fitlife.com,Sports
Stephanie Williams,stephanie.williams@filmworld.com,Entertainment
Anthony Ball,anthony.ball@inspirelearn.com,Education
Marie Wright,marie.wright@bitwise.com,Technology
Amy Cruz,amy.cruz@techco.com,Technology
Timothy Barnes,timothy.barnes@healthquest.com,Health
Brenda Smith,brenda.smith@inspirelearn.com,Education
Justin Brown,justin.brown@quantumresearch.com,Science
Peter Marquez,peter.marquez@brainbridge.com,Education
Catherine Woods,catherine.woods@govaction.com,Politics
Tina Mooney,tina.mooney@vitalcare.com,Health
Jessica Gonzalez,jessica.gonzalez@financialadvantage.com,Finance
Sean Ramirez MD,sean.md@partymasters.com,Entertainment
Charles Jacobs,charles.jacobs@wealthwise.com,Finance
Tanya Jordan,tanya.jordan@financialadvantage.com,Finance
Susan Allen,susan.allen@policythinkers.com,Politics
Crystal Dean,crystal.dean@educenter.com,Education
Patrick Benson,patrick.benson@politicalhub.com,Politics
Stephanie Hill,stephanie.hill@networks.com,Technology
Mr. Justin Cruz DVM,mr..dvm@educenter.com,Education
Thomas Small,thomas.small@vitalcare.com,Health
Caitlin Smith,caitlin.smith@knowledgeflow.com,Education
Allen Jensen,allen.jensen@fitlife.com,Sports
Robert Ruiz,robert.ruiz@robosoft.com,Technology
Jacqueline Mcconnell,jacqueline.mcconnell@governmentmatters.com,Politics
Debra Ryan,debra.ryan@fintech.com,Finance
Jessica Boyer,jessica.boyer@prosports.com,Sports
Logan Johnson,logan.johnson@eduworld.com,Education
Jessica Woodard,jessica.woodard@knowledgebase.com,Education
Benjamin Myers,benjamin.myers@wellmed.com,Health
Kimberly Nelson,kimberly.nelson@cinestar.com,Entertainment
Joseph Cruz,joseph.cruz@researchfirst.com,Science
Jerry Stuart,jerry.stuart@politicalhub.com,Politics
Edward Holden,edward.holden@valueinvest.com,Finance
Jeanette Powell DVM,jeanette.dvm@vibeworks.com,Entertainment
Kimberly Foster,kimberly.foster@knowledgeflow.com,Education
Pamela Rocha,pamela.rocha@sportmax.com,Sports
James Campos,james.campos@funhouse.com,Entertainment
Timothy Hill,timothy.hill@fitlife.com,Sports
Kelly Wilcox,kelly.wilcox@nextgenresearch.com,Science
Eddie Carter,eddie.carter@codeworks.com,Technology
Chelsea Olson,chelsea.olson@optiwell.com,Health
Robert Gill,robert.gill@optiwell.com,Health
Michelle Allen,michelle.allen@starmedia.com,Entertainment
Bonnie Stanley,bonnie.stanley@prosports.com,Sports
Kayla Garcia,kayla.garcia@fitlife.com,Sports
Dana Edwards,dana.edwards@scienceventure.com,Science
Elizabeth Preston,elizabeth.preston@vibeworks.com,Entertainment
Alison Miles,alison.miles@networks.com,Technology
David Holt,david.holt@sportmax.com,Sports
Samantha Jordan,samantha.jordan@fitpro.com,Sports
Lisa Brown,lisa.brown@eliteathletics.com,Sports
Maria Parker,maria.parker@sportsnet.com,Sports
Joshua Greene,joshua.greene@innovatex.com,Technology
Gerald Sullivan,gerald.sullivan@publicpolicyco.com,Politics
Jacob Walker,jacob.walker@screenplay.com,Entertainment
Jeffrey Schwartz,jeffrey.schwartz@cashflow.com,Finance
Karen Bishop,karen.bishop@wellbeinghealth.com,Health
Mr. Nicholas Farmer MD,mr..md@investcorp.com,Finance
Latoya Conrad,latoya.conrad@polidiscuss.com,Politics
Jason Brown,jason.brown@capitalguard.com,Finance
Ronnie Gonzalez,ronnie.gonzalez@civicleaders.com,Politics
Elizabeth Martinez,elizabeth.martinez@policythinkers.com,Politics
Michael Long,michael.long@eduadvance.com,Education
Melissa Lewis,melissa.lewis@sciencelabs.com,Science
Jessica Lucero,jessica.lucero@academiax.com,Education
April Tucker,april.tucker@sportmax.com,Sports
Jasmine Mcneil,jasmine.mcneil@policythinkers.com,Politics
Ronald Mayer,ronald.mayer@bioinnovations.com,Science
Spencer Thomas,spencer.thomas@musicwave.com,Entertainment
Gabriel Short,gabriel.short@healthcorp.com,Health
Derrick Carter,derrick.carter@futurefunds.com,Finance
David Bates,david.bates@healthquest.com,Health
Curtis Watkins,curtis.watkins@safeinvest.com,Finance
Jessica Barton,jessica.barton@labmasters.com,Science
David Kim,david.kim@knowledgeflow.com,Education
Theresa Long,theresa.long@futurescience.com,Science
Mrs. Victoria Gray PhD,mrs..phd@powerpolitics.com,Politics
David Patrick,david.patrick@medisolutions.com,Health
Donna Smith,donna.smith@rhythmpro.com,Entertainment
Diana Roman,diana.roman@carefirst.com,Health
Stephen Thomas,stephen.thomas@endurancex.com,Sports
Timothy Kim,timothy.kim@nationbuilders.com,Politics
Brandon Dennis,brandon.dennis@innovatex.com,Technology
Michael Bennett,michael.bennett@techdrive.com,Technology
Johnathan Rodriguez,johnathan.rodriguez@securefinance.com,Finance
Allison Davis,allison.davis@quantumsolutions.com,Science
Benjamin Patterson,benjamin.patterson@carefirst.com,Health
Terry Aguirre,terry.aguirre@wealthmax.com,Finance
Timothy Wong,timothy.wong@wealthwise.com,Finance
Edward Martin,edward.martin@moneymanager.com,Finance
Marcus Martinez,marcus.martinez@bitwise.com,Technology
Bruce Porter,bruce.porter@datadyn.com,Technology
Eric Morris,eric.morris@smartlearn.com,Education
Mr. John Scott,mr..scott@capitalguard.com,Finance
Michelle Gonzales,michelle.gonzales@scienceventure.com,Science
Rachel Lopez,rachel.lopez@bioinnovations.com,Science
Terry Duran,terry.duran@bioinnovations.com,Science
Rhonda Arnold,rhonda.arnold@musicwave.com,Entertainment
Craig Henson,craig.henson@cybernetic.com,Technology
David Smith,david.smith@powerplay.com,Sports
Michelle Jordan,michelle.jordan@securefinance.com,Finance
David Taylor,david.taylor@governmentmatters.com,Politics
Robert Baldwin,robert.baldwin@carefirst.com,Health
Hannah Cooper,hannah.cooper@starmedia.com,Entertainment
Parker Perez DDS,parker.dds@nationconnect.com,Politics
Reginald Hammond,reginald.hammond@civicinsight.com,Politics
Susan Ramsey,susan.ramsey@biogen.com,Science
Jacob Becker,jacob.becker@policyadvocates.com,Politics
Donna Sampson,donna.sampson@knowledgeflow.com,Education
Amanda Washington,amanda.washington@prosports.com,Sports
Amy Perez,amy.perez@regenmed.com,Health
Robert Levy,robert.levy@thinktank.com,Education
Patrick Lee,patrick.lee@sportfusion.com,Sports
Charles Thompson,charles.thompson@sciencelabs.com,Science
Mrs. Evelyn Morales,mrs..morales@nationtalk.com,Politics
Grant Blake,grant.blake@stagelights.com,Entertainment
William Cortez,william.cortez@sportify.com,Sports
Curtis Kelly,curtis.kelly@knowledgebase.com,Education
David Sellers,david.sellers@mediworld.com,Health
Kristin Garza,kristin.garza@rhythmpro.com,Entertainment
Christopher Johnson,christopher.johnson@bioworks.com,Science
Rachel Wang,rachel.wang@studypro.com,Education
Kathleen Mcdonald,kathleen.mcdonald@prosports.com,Sports
Emily Collins,emily.collins@scholarly.com,Education
Lisa Miller,lisa.miller@playtimestudios.com,Entertainment
Erin Whitney,erin.whitney@futurescience.com,Science
John White,john.white@powerplay.com,Sports
Jeanette Roberts,jeanette.roberts@civichub.com,Politics
Larry Smith,larry.smith@playtimestudios.com,Entertainment
Daniel Joyce,daniel.joyce@wellbeinghealth.com,Health
Micheal Hernandez,micheal.hernandez@wellnessplus.com,Health
Christine Mendoza,christine.mendoza@quantumresearch.com,Science
Maria Gomez,maria.gomez@wealthmax.com,Finance
Christian Carpenter,christian.carpenter@datascienceco.com,Science
Roy Williams,roy.williams@securefinance.com,Finance
Lauren Park,lauren.park@wealthwise.com,Finance
Phyllis Coffey,phyllis.coffey@econsolutions.com,Finance
Natalie Flores,natalie.flores@sciencecore.com,Science
Brian Roberts,brian.roberts@govwatch.com,Politics
Erik Rich,erik.rich@studypro.com,Education
Jacqueline King,jacqueline.king@starmedia.com,Entertainment
Theresa Fox,theresa.fox@lifecare.com,Health
William Curtis,william.curtis@inspirelearn.com,Education
Joshua Riley,joshua.riley@wealthmax.com,Finance
Carmen Clark,carmen.clark@nationpulse.com,Politics
Susan Mendez,susan.mendez@sciencelabs.com,Science
Jennifer Miller,jennifer.miller@activeworld.com,Sports
Bryan Bruce,bryan.bruce@academiax.com,Education
Jennifer Campos,jennifer.campos@wellbeinghealth.com,Health
David Gross,david.gross@athletehub.com,Sports
Kaitlyn Farrell,kaitlyn.farrell@mindexpand.com,Education
Adam Garcia,adam.garcia@devcom.com,Technology
Courtney Forbes,courtney.forbes@knowledgeflow.com,Education
Lori Malone,lori.malone@biominds.com,Science
Henry Graham,henry.graham@bigscreen.com,Entertainment
Richard Miller,richard.miller@financialadvantage.com,Finance
Lindsay Jacobs,lindsay.jacobs@datadyn.com,Technology
Nancy Andrews,nancy.andrews@festivalworld.com,Entertainment
Molly Ward,molly.ward@techdrive.com,Technology
Megan Cole,megan.cole@futurelab.com,Science
John Kelly,john.kelly@fitpro.com,Sports
Wesley Adams,wesley.adams@playhard.com,Sports
Michael Ball,michael.ball@movenow.com,Sports
Tammy Cook,tammy.cook@policythinkers.com,Politics
Vanessa Murphy,vanessa.murphy@globalgovernance.com,Politics
Nicole Shepard,nicole.shepard@medix.com,Health
John Cabrera,john.cabrera@mediworld.com,Health
Christopher Frazier,christopher.frazier@playtimestudios.com,Entertainment
Christine Reed,christine.reed@datadyn.com,Technology
Derrick Lopez,derrick.lopez@aiventures.com,Technology
Michael Frey,michael.frey@policyadvocates.com,Politics
Kathleen Wright,kathleen.wright@athletezone.com,Sports
Ryan Hernandez,ryan.hernandez@academiax.com,Education
Christine Mcmillan,christine.mcmillan@nationconnect.com,Politics
Tiffany Parker,tiffany.parker@starmedia.com,Entertainment
Theresa Becker,theresa.becker@funhouse.com,Entertainment
Shirley Russo,shirley.russo@pinnaclefinance.com,Finance
Frank Cruz,frank.cruz@cinestar.com,Entertainment
Brian Baxter,brian.baxter@valueinvest.com,Finance
Christina Bates,christina.bates@screenplay.com,Entertainment
Nicole Barnes,nicole.barnes@valueinvest.com,Finance
Emily Powers,emily.powers@entertainix.com,Entertainment
Jennifer Singh,jennifer.singh@financialadvantage.com,Finance
Laura Jones,laura.jones@screenplay.com,Entertainment
Janet Miller,janet.miller@robosoft.com,Technology
Raymond Ford,raymond.ford@cinestar.com,Entertainment
Taylor Saunders,taylor.saunders@biofusion.com,Science
Sharon Smith,sharon.smith@mindexpand.com,Education
Craig Atkins,craig.atkins@inspirelearn.com,Education
Justin Sanchez,justin.sanchez@researchfirst.com,Science
Miss Jessica Cain,miss.cain@healthessentials.com,Health
Larry Weber,larry.weber@bigscreen.com,Entertainment
Veronica Gross,veronica.gross@infosys.com,Technology
Angelica Smith,angelica.smith@sportify.com,Sports
Mary Carrillo,mary.carrillo@robosoft.com,Technology
Diana Hoffman,diana.hoffman@powerpolitics.com,Politics
William Maxwell,william.maxwell@quantumsolutions.com,Science
Jared Wilson,jared.wilson@financialadvantage.com,Finance
Austin Brady,austin.brady@bigscreen.com,Entertainment
Andrea Landry,andrea.landry@healthessentials.com,Health
Paul Larson,paul.larson@knowledgeflow.com,Education
Richard Stafford,richard.stafford@healthflow.com,Health
Janice Allen,janice.allen@scholarly.com,Education
Teresa Martinez,teresa.martinez@polidiscuss.com,Politics
Michael Ruiz,michael.ruiz@labsolutions.com,Science
Regina Jones,regina.jones@governmentmatters.com,Politics
Brenda Stephens,brenda.stephens@healthessentials.com,Health
Jason Villa,jason.villa@scholarly.com,Education
Anna Crawford DDS,anna.dds@studypro.com,Education
Christopher Prince,christopher.prince@powerplay.com,Sports
Robin Hill,robin.hill@robosoft.com,Technology
Christopher Martinez,christopher.martinez@biohealth.com,Health
Kevin Chase,kevin.chase@partymasters.com,Entertainment
Angela Hill,angela.hill@moneymatters.com,Finance
Michael Ferrell,michael.ferrell@movenow.com,Sports
Mrs. Susan Huffman,mrs..huffman@prosports.com,Sports
Cynthia Williams,cynthia.williams@govaction.com,Politics
Kelli Nicholson,kelli.nicholson@funtimepro.com,Entertainment
Jonathan Chan,jonathan.chan@discoverylabs.com,Science
Adam Pacheco,adam.pacheco@civicleaders.com,Politics
Samuel Gonzalez,samuel.gonzalez@medilife.com,Health
Sonya Stark,sonya.stark@nextgenedu.com,Education
Kevin Rodriguez,kevin.rodriguez@performancelab.com,Sports
Beverly Hill,beverly.hill@healthessentials.com,Health
Bonnie Fleming,bonnie.fleming@discoverylabs.com,Science
Charles Fisher,charles.fisher@movenow.com,Sports
Danielle Bray PhD,danielle.phd@fitlife.com,Sports
Kristy Myers MD,kristy.md@teachfirst.com,Education
Tyler Hernandez,tyler.hernandez@cloudshift.com,Technology
Jennifer Rogers,jennifer.rogers@healthcorp.com,Health
Jenny Hanna,jenny.hanna@policyadvocates.com,Politics
Stephanie Suarez,stephanie.suarez@civicleaders.com,Politics
James Hawkins,james.hawkins@thinktank.com,Education
Nathan Ortega,nathan.ortega@studypro.com,Education
Justin Mclaughlin,justin.mclaughlin@knowledgebase.com,Education
Tiffany Castillo,tiffany.castillo@biominds.com,Science
Brenda Baker,brenda.baker@techdrive.com,Technology
Robert Long,robert.long@bioinnovations.com,Science
David Whitaker,david.whitaker@mindexpand.com,Education
Arthur Beard,arthur.beard@nationbuilders.com,Politics
Sharon Williams,sharon.williams@eventmasters.com,Entertainment
Ashley Lamb,ashley.lamb@eventpro.com,Entertainment
Austin Brown,austin.brown@showbizco.com,Entertainment
Sara Richards,sara.richards@lifecare.com,Health
Kristen Hardy,kristen.hardy@assetgrow.com,Finance
Devon Lee,devon.lee@polidiscuss.com,Politics
Julie Edwards,julie.edwards@purehealth.com,Health
James Webb,james.webb@civicleaders.com,Politics
Tina Hunter,tina.hunter@nextgentech.com,Technology
Anna Mckinney,anna.mckinney@futurelab.com,Science
Matthew Torres,matthew.torres@safeinvest.com,Finance
Tracy Reyes,tracy.reyes@eduworld.com,Education
Amy Smith,amy.smith@polidiscuss.com,Politics
Matthew Faulkner,matthew.faulkner@investcorp.com,Finance
Maria Pierce,maria.pierce@athletezone.com,Sports
Jennifer Oliver,jennifer.oliver@livearts.com,Entertainment
Ashley Roberts,ashley.roberts@publicpolicyco.com,Politics
George Miller,george.miller@playhard.com,Sports
Monica Sullivan,monica.sullivan@labmasters.com,Science
Alicia Montgomery,alicia.montgomery@civichub.com,Politics
Sandy Choi,sandy.choi@policyfirst.com,Politics
Lee Brown,lee.brown@polisphere.com,Politics
Tiffany Rice,tiffany.rice@lifecare.com,Health
Anthony Rogers,anthony.rogers@sportmax.com,Sports
Jake Walsh,jake.walsh@eventmasters.com,Entertainment
Brenda Griffin,brenda.griffin@healthcorp.com,Health
Nichole Rice,nichole.rice@valueinvest.com,Finance
Corey Cunningham,corey.cunningham@polidiscuss.com,Politics
Dennis Morales,dennis.morales@futurelab.com,Science
Mary Hoffman,mary.hoffman@securefinance.com,Finance
Wendy Davis,wendy.davis@performancelab.com,Sports
Eric Miller,eric.miller@politicalhub.com,Politics
Sonya Adams,sonya.adams@activeworld.com,Sports
Benjamin Wright,benjamin.wright@learnify.com,Education
Ellen Bennett,ellen.bennett@civicinsight.com,Politics
Herbert Cook,herbert.cook@athletico.com,Sports
Tiffany Serrano,tiffany.serrano@teachfirst.com,Education
Janet Fischer,janet.fischer@nationconnect.com,Politics
Sarah Ford,sarah.ford@scienceventure.com,Science
Carla Vega,carla.vega@quantumtech.com,Technology
Mary Watson,mary.watson@nutrify.com,Health
Monique Cantrell,monique.cantrell@mindexpand.com,Education
Joshua Cameron,joshua.cameron@healthquest.com,Health
Ryan Horn,ryan.horn@scienceventure.com,Science
Tristan Cook,tristan.cook@playtimestudios.com,Entertainment
Adrian Morrison,adrian.morrison@econsolutions.com,Finance
Melissa Lawson,melissa.lawson@futuretech.com,Technology
Jose Carr,jose.carr@healthtrack.com,Health
Andrew White,andrew.white@biogen.com,Science
Stephanie Byrd,stephanie.byrd@performancelab.com,Sports
Nathaniel Johnson,nathaniel.johnson@stagelights.com,Entertainment
Janet Watson,janet.watson@publicpolicyco.com,Politics
Thomas Ramos,thomas.ramos@devcom.com,Technology
Kenneth Noble,kenneth.noble@techdrive.com,Technology
Allison Allen,allison.allen@bigscreen.com,Entertainment
Ryan Simpson,ryan.simpson@nanotechlabs.com,Science
Jasmine Hernandez,jasmine.hernandez@sciencecore.com,Science
Tanner Campos,tanner.campos@funtimepro.com,Entertainment
Michael Evans,michael.evans@educenter.com,Education
Crystal Bell,crystal.bell@brainbridge.com,Education
Katrina Hill,katrina.hill@festivalworld.com,Entertainment
Amanda Wood,amanda.wood@wellmed.com,Health
Tyler Mueller,tyler.mueller@eduadvance.com,Education
Sarah Moore,sarah.moore@stagelights.com,Entertainment
Brianna Valdez,brianna.valdez@healthcorp.com,Health
Anita Cabrera,anita.cabrera@screenplay.com,Entertainment
Michelle Hill,michelle.hill@nextgentech.com,Technology
Eric Jacobson,eric.jacobson@thinktank.com,Education
Anthony Gibson,anthony.gibson@datascienceco.com,Science
Robert Rangel,robert.rangel@sciencelabs.com,Science
Brittany Kim,brittany.kim@screenplay.com,Entertainment
Jessica Scott,jessica.scott@healthcorp.com,Health
Cheryl Mcgrath,cheryl.mcgrath@sportfusion.com,Sports
Andrea Walker,andrea.walker@financialadvantage.com,Finance
Barbara Dickerson,barbara.dickerson@smartwealth.com,Finance
Kenneth Stokes,kenneth.stokes@cloudshift.com,Technology
Melissa Shepard,melissa.shepard@partymasters.com,Entertainment
Terry Love,terry.love@nextgenresearch.com,Science
Billy Miller,billy.miller@starmedia.com,Entertainment
Cathy Gordon,cathy.gordon@playhard.com,Sports
Joseph Wright,joseph.wright@biohealth.com,Health
Miss Brittany Johnson,miss.johnson@powerplay.com,Sports
Kimberly Johnson,kimberly.johnson@sciencelabs.com,Science
Devin Sharp,devin.sharp@governmentmatters.com,Politics
Dylan Castillo,dylan.castillo@carefirst.com,Health
Veronica Davis,veronica.davis@rhythmpro.com,Entertainment
Vanessa Walker,vanessa.walker@valueinvest.com,Finance
Heather Ford,heather.ford@musicwave.com,Entertainment
Renee Lambert,renee.lambert@capitalguard.com,Finance
Amanda Potter,amanda.potter@scienceventure.com,Science
Lisa Wagner,lisa.wagner@eduadvance.com,Education
Matthew Garcia,matthew.garcia@biominds.com,Science
Stephen Williams,stephen.williams@financialadvantage.com,Finance
Samuel Young,samuel.young@mediworld.com,Health
Jennifer Mitchell,jennifer.mitchell@medix.com,Health
Rebecca Shaw,rebecca.shaw@biominds.com,Science
Sierra Jones,sierra.jones@datadyn.com,Technology
Elizabeth Cortez,elizabeth.cortez@fitlife.com,Sports
Rebecca Miller,rebecca.miller@healthtrack.com,Health
Madison Martinez,madison.martinez@medisolutions.com,Health
Samantha Nguyen,samantha.nguyen@nanotechlabs.com,Science
Lisa Howard,lisa.howard@robosoft.com,Technology
Travis Williams,travis.williams@cybernetic.com,Technology
Emily Moreno,emily.moreno@prosports.com,Sports
Derek Baker,derek.baker@medisolutions.com,Health
Jeffrey Johnson,jeffrey.johnson@vitalcare.com,Health
Ian Moran,ian.moran@carefirst.com,Health
Melissa Collins,melissa.collins@studypro.com,Education
Abigail Edwards,abigail.edwards@playhard.com,Sports
Sherri Calderon,sherri.calderon@healthflow.com,Health
Susan Gomez,susan.gomez@labmasters.com,Science
Joseph Taylor,joseph.taylor@byteforce.com,Technology
Courtney Smith,courtney.smith@bioinnovations.com,Science
Stephanie Terry,stephanie.terry@brightfuture.com,Education
Robert Boyer,robert.boyer@rhythmpro.com,Entertainment
Joseph Charles,joseph.charles@innovativeresearch.com,Science
Gregory Sloan,gregory.sloan@sciencelabs.com,Science
Joshua Cohen,joshua.cohen@govaction.com,Politics
Zachary Dixon,zachary.dixon@techdrive.com,Technology
Garrett Ellis,garrett.ellis@optiwell.com,Health
William Miller,william.miller@fitpro.com,Sports
Alisha Sexton,alisha.sexton@civicinsight.com,Politics
Joshua Butler MD,joshua.md@nanotechlabs.com,Science
Kathy Evans,kathy.evans@brainbridge.com,Education
Jacqueline Mcbride,jacqueline.mcbride@civicsolutions.com,Politics
Michael Villanueva,michael.villanueva@learnify.com,Education
John Franklin,john.franklin@aiventures.com,Technology
Christy Woods,christy.woods@healthquest.com,Health
Cheryl Landry,cheryl.landry@investcorp.com,Finance
Brandy Brown,brandy.brown@carefirst.com,Health
Kimberly Johnson,kimberly.johnson@livearts.com,Entertainment
Corey Raymond DDS,corey.dds@bitwise.com,Technology
James Copeland,james.copeland@policythinkers.com,Politics
Robert Williams,robert.williams@partymasters.com,Entertainment
Robin Boyd,robin.boyd@nationtalk.com,Politics
Luke Coleman,luke.coleman@festivalworld.com,Entertainment
Erin Callahan,erin.callahan@civicleaders.com,Politics
Matthew Jackson,matthew.jackson@playhard.com,Sports
Cynthia Lawrence,cynthia.lawrence@valueinvest.com,Finance
Christine Long,christine.long@wellnessplus.com,Health
Brittany Sutton,brittany.sutton@securefinance.com,Finance
Christina Mack,christina.mack@scholarly.com,Education
Jacob Rice,jacob.rice@bitwise.com,Technology
Martha Lee,martha.lee@nutrify.com,Health
Haley Becker,haley.becker@thinktank.com,Education
Laura Durham,laura.durham@pinnaclefinance.com,Finance
Chris Hall,chris.hall@globalgovernance.com,Politics
Daniel Patel,daniel.patel@proathlete.com,Sports
Ian Martin,ian.martin@purehealth.com,Health
Jessica Adams,jessica.adams@labmasters.com,Science
Barbara Dunn,barbara.dunn@healthcorp.com,Health
Dennis Gutierrez,dennis.gutierrez@biofusion.com,Science
Jennifer Green,jennifer.green@wealthmax.com,Finance
Justin Morris,justin.morris@teachfirst.com,Education
Ashley Burns,ashley.burns@entertainix.com,Entertainment
Roger Kaiser,roger.kaiser@performancelab.com,Sports
Brian Benson,brian.benson@nationbuilders.com,Politics
Kirk Chandler,kirk.chandler@innovatex.com,Technology
Kimberly Johnson,kimberly.johnson@quantumsolutions.com,Science
Jessica Ruiz,jessica.ruiz@openacademy.com,Education
Lucas Gonzalez,lucas.gonzalez@govaction.com,Politics
Daniel Williams,daniel.williams@showbizco.com,Entertainment
Emily Hernandez,emily.hernandez@labmasters.com,Science
Patricia Ramos,patricia.ramos@techdrive.com,Technology
Nancy Leon,nancy.leon@lifecare.com,Health
Monica George,monica.george@codeworks.com,Technology
Christopher Hoover,christopher.hoover@techco.com,Technology
Nathaniel Austin,nathaniel.austin@nationbuilders.com,Politics
Paul Richardson,paul.richardson@playhard.com,Sports
Daniel Davis,daniel.davis@globalgovernance.com,Politics
Brooke Choi,brooke.choi@musicwave.com,Entertainment
John Holt,john.holt@performancelab.com,Sports
Gregory Thompson,gregory.thompson@quantumtech.com,Technology
Karen Taylor,karen.taylor@sportify.com,Sports
Cheyenne Nelson,cheyenne.nelson@thinktank.com,Education
Jasmine Fuentes,jasmine.fuentes@civichub.com,Politics
Scott Kelly,scott.kelly@civichub.com,Politics
Charles Perkins,charles.perkins@healthcorp.com,Health
Zachary Downs,zachary.downs@gameon.com,Sports
James Holland,james.holland@cloudshift.com,Technology
Blake Grant,blake.grant@eventpro.com,Entertainment
Paul Meza,paul.meza@eduworld.com,Education
Carrie George,carrie.george@eventpro.com,Entertainment
Sara Johnson,sara.johnson@studypro.com,Education
Rachel Wells,rachel.wells@purehealth.com,Health
Donald Cook,donald.cook@sportmax.com,Sports
Ricardo Porter,ricardo.porter@bitwise.com,Technology
David Wood DDS,david.dds@moneymatters.com,Finance
Tracy Mendoza,tracy.mendoza@medilife.com,Health
Jason Garcia,jason.garcia@playtimestudios.com,Entertainment
Stephanie Alvarez,stephanie.alvarez@civichub.com,Politics
Randy Higgins,randy.higgins@trustfund.com,Finance
Tiffany Jackson,tiffany.jackson@eduworld.com,Education
Kim Hansen,kim.hansen@athletico.com,Sports
Stephanie Hartman,stephanie.hartman@brightfuture.com,Education
Warren Goodwin,warren.goodwin@futurelab.com,Science
Alan Martin,alan.martin@fiscalsense.com,Finance
Sara King,sara.king@codeworks.com,Technology
Bonnie Rivera,bonnie.rivera@futurelab.com,Science
Angela King,angela.king@playhard.com,Sports
Rachel Walls,rachel.walls@knowledgebase.com,Education
